Age,Income,Kidhome,Teenhome,MntWines,MntFruits,MntMeatProducts,MntFishProducts,MntSweetProducts,MntGoldProds,Income_groups
54.943396226415096,52713.91509433962,0.39622641509433965,0.5377358490566038,332.2169811320755,27.5,153.4056603773585,37.58490566037736,26.5,39.0377358490566,1.2452830188679245
51.59216589861751,50909.34642032332,0.43317972350230416,0.5368663594470046,296.05069124423966,24.852534562211982,148.45622119815667,34.20967741935484,26.91705069124424,41.02304147465438,1.210161662817552
48.68487394957983,49034.628691983125,0.4957983193277311,0.3865546218487395,271.92857142857144,25.634453781512605,171.83193277310923,35.88655462184874,27.18487394957983,38.36134453781513,1.1772151898734178
53.53649635036496,53567.80656934307,0.4051094890510949,0.5401459854014599,338.7007299270073,26.94890510948905,179.85036496350364,39.41970802919708,28.427007299270073,45.86496350364963,1.2737226277372262
62.372093023255815,56508.72093023256,0.18604651162790697,0.6046511627906976,389.93023255813955,29.302325581395348,190.13953488372093,48.651162790697676,34.04651162790697,61.0,1.372093023255814
